Workbook

Sheet February
A10: Office of the Library Services
A11: STATISTICAL REPORT on the LIBRARY USERS Daily Breakdown - FEBRUARY 2026
A12: Bachelor of Science in Psychology
A13: FEBRUARY 2026 | C13: 1 | D13: 2 | E13: 3 | F13: 4 | G13: 5 | H13: 6 | I13: 7 | J13: 8 | K13: 9 | L13: 10 | M13: 11 | N13: 12 | O13: 13 | P13: 14 | Q13: 15 | R13: 16 | S13: 17 | T13: 18 | U13: 19 | V13: 20 | W13: 21 | X13: 22 | Y13: 23 | Z13: 24 | AA13: 25 | AB13: 26 | AC13: 27 | AD13: 28 | AE13: 29 | AF13: 30 | AG13: 31 | AH13: TOTAL
A14: Bachelor of Science in Psychology (COLLEGE OF ARTS AND SCIENCES) | B14: Number of Male Requestor | C14: 0 | D14: 0 | E14: 0 | F14: 0 | G14: 0 | H14: 0 | I14: 0 | J14: 0 | K14: 0 | L14: 0 | M14: 0 | N14: 0 | O14: 0 | P14: 0 | Q14: 0 | R14: 0 | S14: 0 | T14: 0 | U14: 0 | V14: 0 | W14: 0 | X14: 0 | Y14: 0 | Z14: 0 | AA14: 0 | AB14: 0 | AC14: 0 | AD14: 0 | AE14: 0 | AF14: 0 | AG14: 0 | AH14: =SUM(C14:AG14) -> 0
B15: Number of Female Requestor | C15: 0 | D15: 0 | E15: 0 | F15: 0 | G15: 0 | H15: 0 | I15: 0 | J15: 0 | K15: 0 | L15: 0 | M15: 0 | N15: 0 | O15: 0 | P15: 0 | Q15: 0 | R15: 0 | S15: 0 | T15: 0 | U15: 0 | V15: 0 | W15: 0 | X15: 0 | Y15: 0 | Z15: 0 | AA15: 0 | AB15: 0 | AC15: 0 | AD15: 0 | AE15: 0 | AF15: 0 | AG15: 0 | AH15: =SUM(C15:AG15) -> 0
A17: Bachelor of Arts in Communication
A18: FEBRUARY 2026 | C18: 1 | D18: 2 | E18: 3 | F18: 4 | G18: 5 | H18: 6 | I18: 7 | J18: 8 | K18: 9 | L18: 10 | M18: 11 | N18: 12 | O18: 13 | P18: 14 | Q18: 15 | R18: 16 | S18: 17 | T18: 18 | U18: 19 | V18: 20 | W18: 21 | X18: 22 | Y18: 23 | Z18: 24 | AA18: 25 | AB18: 26 | AC18: 27 | AD18: 28 | AE18: 29 | AF18: 30 | AG18: 31 | AH18: TOTAL
A19: Bachelor of Arts in Communication (COLLEGE OF ARTS AND SCIENCES) | B19: Number of Male Requestor | C19: 0 | D19: 0 | E19: 0 | F19: 0 | G19: 0 | H19: 0 | I19: 0 | J19: 0 | K19: 0 | L19: 0 | M19: 0 | N19: 0 | O19: 0 | P19: 0 | Q19: 0 | R19: 0 | S19: 0 | T19: 0 | U19: 0 | V19: 0 | W19: 0 | X19: 0 | Y19: 0 | Z19: 0 | AA19: 0 | AB19: 0 | AC19: 0 | AD19: 0 | AE19: 0 | AF19: 0 | AG19: 0 | AH19: =SUM(C19:AG19) -> 0
B20: Number of Female Requestor | C20: 0 | D20: 0 | E20: 0 | F20: 0 | G20: 0 | H20: 0 | I20: 0 | J20: 0 | K20: 0 | L20: 0 | M20: 0 | N20: 0 | O20: 0 | P20: 0 | Q20: 0 | R20: 0 | S20: 0 | T20: 0 | U20: 0 | V20: 0 | W20: 0 | X20: 0 | Y20: 0 | Z20: 0 | AA20: 0 | AB20: 0 | AC20: 0 | AD20: 0 | AE20: 0 | AF20: 0 | AG20: 0 | AH20: =SUM(C20:AG20) -> 0
A22: Bachelor of Industrial Technology Major in Electrical Technology
A23: FEBRUARY 2026 | C23: 1 | D23: 2 | E23: 3 | F23: 4 | G23: 5 | H23: 6 | I23: 7 | J23: 8 | K23: 9 | L23: 10 | M23: 11 | N23: 12 | O23: 13 | P23: 14 | Q23: 15 | R23: 16 | S23: 17 | T23: 18 | U23: 19 | V23: 20 | W23: 21 | X23: 22 | Y23: 23 | Z23: 24 | AA23: 25 | AB23: 26 | AC23: 27 | AD23: 28 | AE23: 29 | AF23: 30 | AG23: 31 | AH23: TOTAL
A24: Bachelor of Industrial Technology Major in Electrical Technology (COLLEGE OF INDUSTRIAL TECHNOLOGY) | B24: Number of Male Requestor | C24: 0 | D24: 0 | E24: 0 | F24: 0 | G24: 0 | H24: 0 | I24: 0 | J24: 0 | K24: 6 | L24: 0 | M24: 3 | N24: 4 | O24: 0 | P24: 0 | Q24: 0 | R24: 9 | S24: 0 | T24: 0 | U24: 8 | V24: 0 | W24: 0 | X24: 0 | Y24: 5 | Z24: 0 | AA24: 1 | AB24: 0 | AC24: 0 | AD24: 0 | AE24: 0 | AF24: 0 | AG24: 0 | AH24: =SUM(C24:AG24) -> 0
B25: Number of Female Requestor | C25: 0 | D25: 0 | E25: 0 | F25: 0 | G25: 0 | H25: 0 | I25: 0 | J25: 0 | K25: 0 | L25: 0 | M25: 0 | N25: 1 | O25: 0 | P25: 0 | Q25: 0 | R25: 1 | S25: 0 | T25: 0 | U25: 1 | V25: 0 | W25: 0 | X25: 0 | Y25: 0 | Z25: 0 | AA25: 0 | AB25: 0 | AC25: 0 | AD25: 0 | AE25: 0 | AF25: 0 | AG25: 0 | AH25: =SUM(C25:AG25) -> 0
A27: Bachelor of Industrial Technology Major in Computer Technology
A28: FEBRUARY 2026 | C28: 1 | D28: 2 | E28: 3 | F28: 4 | G28: 5 | H28: 6 | I28: 7 | J28: 8 | K28: 9 | L28: 10 | M28: 11 | N28: 12 | O28: 13 | P28: 14 | Q28: 15 | R28: 16 | S28: 17 | T28: 18 | U28: 19 | V28: 20 | W28: 21 | X28: 22 | Y28: 23 | Z28: 24 | AA28: 25 | AB28: 26 | AC28: 27 | AD28: 28 | AE28: 29 | AF28: 30 | AG28: 31 | AH28: TOTAL
A29: Bachelor of Industrial Technology Major in Computer Technology (COLLEGE OF INDUSTRIAL TECHNOLOGY) | B29: Number of Male Requestor | C29: 0 | D29: 0 | E29: 1 | F29: 3 | G29: 1 | H29: 1 | I29: 0 | J29: 0 | K29: 5 | L29: 0 | M29: 0 | N29: 1 | O29: 4 | P29: 0 | Q29: 0 | R29: 0 | S29: 0 | T29: 0 | U29: 3 | V29: 0 | W29: 0 | X29: 0 | Y29: 5 | Z29: 1 | AA29: 2 | AB29: 1 | AC29: 0 | AD29: 0 | AE29: 0 | AF29: 0 | AG29: 0 | AH29: =SUM(C29:AG29) -> 0
B30: Number of Female Requestor | C30: 0 | D30: 0 | E30: 2 | F30: 5 | G30: 4 | H30: 0 | I30: 0 | J30: 0 | K30: 2 | L30: 0 | M30: 0 | N30: 2 | O30: 3 | P30: 0 | Q30: 0 | R30: 0 | S30: 0 | T30: 3 | U30: 2 | V30: 0 | W30: 0 | X30: 0 | Y30: 2 | Z30: 0 | AA30: 1 | AB30: 0 | AC30: 0 | AD30: 0 | AE30: 0 | AF30: 0 | AG30: 0 | AH30: =SUM(C30:AG30) -> 0
A32: Bachelor of Industrial Technology Major in Instrumentation & Communication Technology
A33: FEBRUARY 2026 | C33: 1 | D33: 2 | E33: 3 | F33: 4 | G33: 5 | H33: 6 | I33: 7 | J33: 8 | K33: 9 | L33: 10 | M33: 11 | N33: 12 | O33: 13 | P33: 14 | Q33: 15 | R33: 16 | S33: 17 | T33: 18 | U33: 19 | V33: 20 | W33: 21 | X33: 22 | Y33: 23 | Z33: 24 | AA33: 25 | AB33: 26 | AC33: 27 | AD33: 28 | AE33: 29 | AF33: 30 | AG33: 31 | AH33: TOTAL
A34: Bachelor of Industrial Technology Major in Instrumentation & Communication Technology (COLLEGE OF INDUSTRIAL TECHNOLOGY) | B34: Number of Male Requestor | C34: 0 | D34: 0 | E34: 2 | F34: 0 | G34: 0 | H34: 0 | I34: 0 | J34: 0 | K34: 0 | L34: 1 | M34: 0 | N34: 0 | O34: 0 | P34: 0 | Q34: 0 | R34: 2 | S34: 0 | T34: 0 | U34: 0 | V34: 0 | W34: 0 | X34: 0 | Y34: 0 | Z34: 1 | AA34: 0 | AB34: 0 | AC34: 0 | AD34: 0 | AE34: 0 | AF34: 0 | AG34: 0 | AH34: =SUM(C34:AG34) -> 0
B35: Number of Female Requestor | C35: 0 | D35: 0 | E35: 1 | F35: 0 | G35: 0 | H35: 0 | I35: 0 | J35: 0 | K35: 0 | L35: 0 | M35: 0 | N35: 0 | O35: 0 | P35: 0 | Q35: 0 | R35: 0 | S35: 0 | T35: 0 | U35: 0 | V35: 0 | W35: 0 | X35: 0 | Y35: 0 | Z35: 2 | AA35: 0 | AB35: 0 | AC35: 0 | AD35: 0 | AE35: 0 | AF35: 0 | AG35: 0 | AH35: =SUM(C35:AG35) -> 0
A37: Bachelor of Industrial Technology Major in Electronics Technology
A38: FEBRUARY 2026 | C38: 1 | D38: 2 | E38: 3 | F38: 4 | G38: 5 | H38: 6 | I38: 7 | J38: 8 | K38: 9 | L38: 10 | M38: 11 | N38: 12 | O38: 13 | P38: 14 | Q38: 15 | R38: 16 | S38: 17 | T38: 18 | U38: 19 | V38: 20 | W38: 21 | X38: 22 | Y38: 23 | Z38: 24 | AA38: 25 | AB38: 26 | AC38: 27 | AD38: 28 | AE38: 29 | AF38: 30 | AG38: 31 | AH38: TOTAL
A39: Bachelor of Industrial Technology Major in Electronics Technology (COLLEGE OF INDUSTRIAL TECHNOLOGY) | B39: Number of Male Requestor | C39: 0 | D39: 2 | E39: 1 | F39: 0 | G39: 0 | H39: 0 | I39: 0 | J39: 0 | K39: 4 | L39: 0 | M39: 0 | N39: 0 | O39: 1 | P39: 0 | Q39: 0 | R39: 2 | S39: 0 | T39: 3 | U39: 3 | V39: 0 | W39: 0 | X39: 0 | Y39: 6 | Z39: 1 | AA39: 0 | AB39: 0 | AC39: 0 | AD39: 0 | AE39: 0 | AF39: 0 | AG39: 0 | AH39: =SUM(C39:AG39) -> 0
B40: Number of Female Requestor | C40: 0 | D40: 0 | E40: 2 | F40: 0 | G40: 0 | H40: 0 | I40: 0 | J40: 0 | K40: 4 | L40: 0 | M40: 0 | N40: 0 | O40: 1 | P40: 0 | Q40: 0 | R40: 4 | S40: 0 | T40: 0 | U40: 2 | V40: 0 | W40: 0 | X40: 0 | Y40: 2 | Z40: 1 | AA40: 0 | AB40: 0 | AC40: 0 | AD40: 0 | AE40: 0 | AF40: 0 | AG40: 0 | AH40: =SUM(C40:AG40) -> 0
A42: Bachelor of Science in Information Technology - Business Analytics Track
A43: FEBRUARY 2026 | C43: 1 | D43: 2 | E43: 3 | F43: 4 | G43: 5 | H43: 6 | I43: 7 | J43: 8 | K43: 9 | L43: 10 | M43: 11 | N43: 12 | O43: 13 | P43: 14 | Q43: 15 | R43: 16 | S43: 17 | T43: 18 | U43: 19 | V43: 20 | W43: 21 | X43: 22 | Y43: 23 | Z43: 24 | AA43: 25 | AB43: 26 | AC43: 27 | AD43: 28 | AE43: 29 | AF43: 30 | AG43: 31 | AH43: TOTAL
A44: Bachelor of Science in Information Technology (COLLEGE OF INFORMATICS AND COMPUTING SCIENCES) | B44: Number of Male Requestor | C44: 0 | D44: 6 | E44: 1 | F44: 4 | G44: 3 | H44: 2 | I44: 0 | J44: 0 | K44: 1 | L44: 8 | M44: 7 | N44: 13 | O44: 2 | P44: 0 | Q44: 0 | R44: 1 | S44: 0 | T44: 4 | U44: 1 | V44: 0 | W44: 0 | X44: 0 | Y44: 17 | Z44: 4 | AA44: 0 | AB44: 8 | AC44: 4 | AD44: 1 | AE44: 0 | AF44: 0 | AG44: 0 | AH44: =SUM(C44:AG44) -> 0
B45: Number of Female Requestor | C45: 0 | D45: 2 | E45: 0 | F45: 3 | G45: 4 | H45: 1 | I45: 0 | J45: 0 | K45: 0 | L45: 9 | M45: 0 | N45: 4 | O45: 3 | P45: 0 | Q45: 0 | R45: 0 | S45: 0 | T45: 1 | U45: 3 | V45: 0 | W45: 6 | X45: 0 | Y45: 6 | Z45: 1 | AA45: 0 | AB45: 0 | AC45: 0 | AD45: 4 | AE45: 0 | AF45: 0 | AG45: 0 | AH45: =SUM(C45:AG45) -> 0
A47: Bachelor of Science in Information Technology - Service Management Track
A48: FEBRUARY 2026 | C48: 1 | D48: 2 | E48: 3 | F48: 4 | G48: 5 | H48: 6 | I48: 7 | J48: 8 | K48: 9 | L48: 10 | M48: 11 | N48: 12 | O48: 13 | P48: 14 | Q48: 15 | R48: 16 | S48: 17 | T48: 18 | U48: 19 | V48: 20 | W48: 21 | X48: 22 | Y48: 23 | Z48: 24 | AA48: 25 | AB48: 26 | AC48: 27 | AD48: 28 | AE48: 29 | AF48: 30 | AG48: 31 | AH48: TOTAL
A49: Bachelor of Science in Information Technology (COLLEGE OF INFORMATICS AND COMPUTING SCIENCES) | B49: Number of Male Requestor | C49: 0 | D49: 5 | E49: 0 | F49: 2 | G49: 1 | H49: 1 | I49: 0 | J49: 0 | K49: 2 | L49: 7 | M49: 1 | N49: 2 | O49: 2 | P49: 0 | Q49: 0 | R49: 4 | S49: 0 | T49: 1 | U49: 1 | V49: 0 | W49: 0 | X49: 0 | Y49: 16 | Z49: 4 | AA49: 0 | AB49: 3 | AC49: 0 | AD49: 0 | AE49: 0 | AF49: 0 | AG49: 0 | AH49: =SUM(C49:AG49) -> 0
B50: Number of Female Requestor | C50: 0 | D50: 1 | E50: 0 | F50: 0 | G50: 2 | H50: 0 | I50: 0 | J50: 0 | K50: 0 | L50: 6 | M50: 0 | N50: 2 | O50: 1 | P50: 0 | Q50: 0 | R50: 3 | S50: 0 | T50: 1 | U50: 2 | V50: 0 | W50: 0 | X50: 0 | Y50: 5 | Z50: 1 | AA50: 0 | AB50: 0 | AC50: 0 | AD50: 0 | AE50: 0 | AF50: 0 | AG50: 0 | AH50: =SUM(C50:AG50) -> 0
A52: Bachelor of Science in Information Technology - Network Technology Track
A53: FEBRUARY 2026 | C53: 1 | D53: 2 | E53: 3 | F53: 4 | G53: 5 | H53: 6 | I53: 7 | J53: 8 | K53: 9 | L53: 10 | M53: 11 | N53: 12 | O53: 13 | P53: 14 | Q53: 15 | R53: 16 | S53: 17 | T53: 18 | U53: 19 | V53: 20 | W53: 21 | X53: 22 | Y53: 23 | Z53: 24 | AA53: 25 | AB53: 26 | AC53: 27 | AD53: 28 | AE53: 29 | AF53: 30 | AG53: 31 | AH53: TOTAL
A54: Bachelor of Science in Information Technology (COLLEGE OF INFORMATICS AND COMPUTING SCIENCES) | B54: Number of Male Requestor | C54: 0 | D54: 4 | E54: 1 | F54: 8 | G54: 3 | H54: 3 | I54: 0 | J54: 0 | K54: 0 | L54: 6 | M54: 0 | N54: 1 | O54: 0 | P54: 0 | Q54: 0 | R54: 1 | S54: 0 | T54: 3 | U54: 2 | V54: 0 | W54: 0 | X54: 0 | Y54: 17 | Z54: 4 | AA54: 1 | AB54: 2 | AC54: 0 | AD54: 0 | AE54: 0 | AF54: 0 | AG54: 0 | AH54: =SUM(C54:AG54) -> 0
B55: Number of Female Requestor | C55: 0 | D55: 0 | E55: 7 | F55: 9 | G55: 2 | H55: 0 | I55: 0 | J55: 0 | K55: 0 | L55: 6 | M55: 1 | N55: 2 | O55: 0 | P55: 0 | Q55: 0 | R55: 0 | S55: 0 | T55: 0 | U55: 2 | V55: 0 | W55: 0 | X55: 0 | Y55: 5 | Z55: 0 | AA55: 1 | AB55: 0 | AC55: 0 | AD55: 0 | AE55: 0 | AF55: 0 | AG55: 0 | AH55: =SUM(C55:AG55) -> 0
A57: Bachelor of Science in Business Administration Major in Human Resource Management
A58: FEBRUARY 2026 | C58: 1 | D58: 2 | E58: 3 | F58: 4 | G58: 5 | H58: 6 | I58: 7 | J58: 8 | K58: 9 | L58: 10 | M58: 11 | N58: 12 | O58: 13 | P58: 14 | Q58: 15 | R58: 16 | S58: 17 | T58: 18 | U58: 19 | V58: 20 | W58: 21 | X58: 22 | Y58: 23 | Z58: 24 | AA58: 25 | AB58: 26 | AC58: 27 | AD58: 28 | AE58: 29 | AF58: 30 | AG58: 31 | AH58: TOTAL
A59: Bachelor of Science in Business Administration Major in Human Resource Management (COLLEGE OF ACCOUNTING AND BUSINESS ECONOMICS) | B59: Number of Male Requestor | C59: 0 | D59: 0 | E59: 0 | F59: 0 | G59: 0 | H59: 0 | I59: 0 | J59: 0 | K59: 0 | L59: 0 | M59: 0 | N59: 0 | O59: 0 | P59: 0 | Q59: 0 | R59: 0 | S59: 0 | T59: 0 | U59: 0 | V59: 0 | W59: 0 | X59: 0 | Y59: 0 | Z59: 0 | AA59: 0 | AB59: 0 | AC59: 0 | AD59: 0 | AE59: 0 | AF59: 0 | AG59: 0 | AH59: =SUM(C59:AG59) -> 0
B60: Number of Female Requestor | C60: 0 | D60: 0 | E60: 0 | F60: 0 | G60: 0 | H60: 0 | I60: 0 | J60: 0 | K60: 0 | L60: 0 | M60: 0 | N60: 0 | O60: 0 | P60: 0 | Q60: 0 | R60: 0 | S60: 0 | T60: 0 | U60: 0 | V60: 0 | W60: 0 | X60: 0 | Y60: 0 | Z60: 0 | AA60: 0 | AB60: 0 | AC60: 0 | AD60: 0 | AE60: 0 | AF60: 0 | AG60: 0 | AH60: =SUM(C60:AG60) -> 0
A62: Bachelor of Science in Business Administration Major in Operations Management
A63: FEBRUARY 2026 | C63: 1 | D63: 2 | E63: 3 | F63: 4 | G63: 5 | H63: 6 | I63: 7 | J63: 8 | K63: 9 | L63: 10 | M63: 11 | N63: 12 | O63: 13 | P63: 14 | Q63: 15 | R63: 16 | S63: 17 | T63: 18 | U63: 19 | V63: 20 | W63: 21 | X63: 22 | Y63: 23 | Z63: 24 | AA63: 25 | AB63: 26 | AC63: 27 | AD63: 28 | AE63: 29 | AF63: 30 | AG63: 31 | AH63: TOTAL
A64: Bachelor of Science in Business Administration Major in Human Resource Management (COLLEGE OF ACCOUNTING AND BUSINESS ECONOMICS) | B64: Number of Male Requestor | C64: 0 | D64: 0 | E64: 0 | F64: 0 | G64: 0 | H64: 0 | I64: 0 | J64: 0 | K64: 0 | L64: 0 | M64: 0 | N64: 0 | O64: 0 | P64: 0 | Q64: 0 | R64: 0 | S64: 0 | T64: 0 | U64: 0 | V64: 0 | W64: 0 | X64: 0 | Y64: 0 | Z64: 0 | AA64: 0 | AB64: 0 | AC64: 0 | AD64: 0 | AE64: 0 | AF64: 0 | AG64: 0 | AH64: =SUM(C64:AG64) -> 0
B65: Number of Female Requestor | C65: 0 | D65: 0 | E65: 0 | F65: 0 | G65: 0 | H65: 0 | I65: 0 | J65: 0 | K65: 0 | L65: 0 | M65: 0 | N65: 0 | O65: 0 | P65: 0 | Q65: 0 | R65: 0 | S65: 0 | T65: 0 | U65: 0 | V65: 0 | W65: 0 | X65: 0 | Y65: 0 | Z65: 0 | AA65: 0 | AB65: 0 | AC65: 0 | AD65: 0 | AE65: 0 | AF65: 0 | AG65: 0 | AH65: =SUM(C65:AG65) -> 0
A67: Bachelor of Science in Business Administration Major in Marketing Management
A68: FEBRUARY 2026 | C68: 1 | D68: 2 | E68: 3 | F68: 4 | G68: 5 | H68: 6 | I68: 7 | J68: 8 | K68: 9 | L68: 10 | M68: 11 | N68: 12 | O68: 13 | P68: 14 | Q68: 15 | R68: 16 | S68: 17 | T68: 18 | U68: 19 | V68: 20 | W68: 21 | X68: 22 | Y68: 23 | Z68: 24 | AA68: 25 | AB68: 26 | AC68: 27 | AD68: 28 | AE68: 29 | AF68: 30 | AG68: 31 | AH68: TOTAL
A69: Bachelor of Science in Business Administration Major in Human Resource Management (COLLEGE OF ACCOUNTING AND BUSINESS ECONOMICS) | B69: Number of Male Requestor | C69: 0 | D69: 0 | E69: 0 | F69: 0 | G69: 0 | H69: 0 | I69: 0 | J69: 0 | K69: 0 | L69: 0 | M69: 0 | N69: 0 | O69: 0 | P69: 0 | Q69: 0 | R69: 0 | S69: 0 | T69: 0 | U69: 0 | V69: 0 | W69: 0 | X69: 0 | Y69: 0 | Z69: 0 | AA69: 0 | AB69: 0 | AC69: 0 | AD69: 0 | AE69: 0 | AF69: 0 | AG69: 0 | AH69: =SUM(C69:AG69) -> 0
B70: Number of Female Requestor | C70: 0 | D70: 0 | E70: 0 | F70: 0 | G70: 0 | H70: 0 | I70: 0 | J70: 0 | K70: 0 | L70: 0 | M70: 0 | N70: 0 | O70: 0 | P70: 0 | Q70: 0 | R70: 0 | S70: 0 | T70: 0 | U70: 0 | V70: 0 | W70: 0 | X70: 0 | Y70: 0 | Z70: 0 | AA70: 0 | AB70: 0 | AC70: 0 | AD70: 0 | AE70: 0 | AF70: 0 | AG70: 0 | AH70: =SUM(C70:AG70) -> 0
A72: Bachelor of Science in Management Accounting
A73: FEBRUARY 2026 | C73: 1 | D73: 2 | E73: 3 | F73: 4 | G73: 5 | H73: 6 | I73: 7 | J73: 8 | K73: 9 | L73: 10 | M73: 11 | N73: 12 | O73: 13 | P73: 14 | Q73: 15 | R73: 16 | S73: 17 | T73: 18 | U73: 19 | V73: 20 | W73: 21 | X73: 22 | Y73: 23 | Z73: 24 | AA73: 25 | AB73: 26 | AC73: 27 | AD73: 28 | AE73: 29 | AF73: 30 | AG73: 31 | AH73: TOTAL
A74: Bachelor of Science in Business Administration Major in Human Resource Management | B74: Number of Male Requestor | C74: 0 | D74: 0 | E74: 0 | F74: 0 | G74: 0 | H74: 0 | I74: 0 | J74: 0 | K74: 0 | L74: 0 | M74: 0 | N74: 0 | O74: 0 | P74: 0 | Q74: 0 | R74: 0 | S74: 0 | T74: 0 | U74: 0 | V74: 0 | W74: 0 | X74: 0 | Y74: 0 | Z74: 0 | AA74: 0 | AB74: 0 | AC74: 0 | AD74: 0 | AE74: 0 | AF74: 0 | AG74: 0 | AH74: =SUM(C74:AG74) -> 0
A75: (COLLEGE OF ACCOUNTING AND BUSINESS ECONOMICS) | B75: Number of Female Requestor | C75: 0 | D75: 0 | E75: 0 | F75: 0 | G75: 0 | H75: 0 | I75: 0 | J75: 0 | K75: 0 | L75: 0 | M75: 0 | N75: 0 | O75: 0 | P75: 0 | Q75: 0 | R75: 0 | S75: 0 | T75: 0 | U75: 0 | V75: 0 | W75: 0 | X75: 0 | Y75: 0 | Z75: 0 | AA75: 0 | AB75: 0 | AC75: 0 | AD75: 0 | AE75: 0 | AF75: 0 | AG75: 0 | AH75: =SUM(C75:AG75) -> 0
A77: Bachelor of Science in Public Administration
A78: FEBRUARY 2026 | C78: 1 | D78: 2 | E78: 3 | F78: 4 | G78: 5 | H78: 6 | I78: 7 | J78: 8 | K78: 9 | L78: 10 | M78: 11 | N78: 12 | O78: 13 | P78: 14 | Q78: 15 | R78: 16 | S78: 17 | T78: 18 | U78: 19 | V78: 20 | W78: 21 | X78: 22 | Y78: 23 | Z78: 24 | AA78: 25 | AB78: 26 | AC78: 27 | AD78: 28 | AE78: 29 | AF78: 30 | AG78: 31 | AH78: TOTAL
A79: Bachelor of Science in Business Administration Major in Human Resource Management (COLLEGE OF ACCOUNTING AND BUSINESS ECONOMICS) | B79: Number of Male Requestor | C79: 0 | D79: 0 | E79: 0 | F79: 0 | G79: 0 | H79: 0 | I79: 0 | J79: 0 | K79: 0 | L79: 0 | M79: 0 | N79: 0 | O79: 0 | P79: 0 | Q79: 0 | R79: 0 | S79: 0 | T79: 0 | U79: 0 | V79: 0 | W79: 0 | X79: 0 | Y79: 0 | Z79: 0 | AA79: 0 | AB79: 0 | AC79: 0 | AD79: 0 | AE79: 0 | AF79: 0 | AG79: 0 | AH79: =SUM(C79:AG79) -> 0
B80: Number of Female Requestor | C80: 0 | D80: 0 | E80: 0 | F80: 0 | G80: 0 | H80: 0 | I80: 0 | J80: 0 | K80: 0 | L80: 0 | M80: 0 | N80: 0 | O80: 0 | P80: 0 | Q80: 0 | R80: 0 | S80: 0 | T80: 0 | U80: 0 | V80: 0 | W80: 0 | X80: 0 | Y80: 0 | Z80: 0 | AA80: 0 | AB80: 0 | AC80: 0 | AD80: 0 | AE80: 0 | AF80: 0 | AG80: 0 | AH80: =SUM(C80:AG80) -> 0
A82: Bachelor of Science in Education Major in Mathematics
A83: FEBRUARY 2026 | C83: 1 | D83: 2 | E83: 3 | F83: 4 | G83: 5 | H83: 6 | I83: 7 | J83: 8 | K83: 9 | L83: 10 | M83: 11 | N83: 12 | O83: 13 | P83: 14 | Q83: 15 | R83: 16 | S83: 17 | T83: 18 | U83: 19 | V83: 20 | W83: 21 | X83: 22 | Y83: 23 | Z83: 24 | AA83: 25 | AB83: 26 | AC83: 27 | AD83: 28 | AE83: 29 | AF83: 30 | AG83: 31 | AH83: TOTAL
A84: Bachelor of Science in Education Major in Mathematics (COLLEGE OF TEACHING AND EDUCATION) | B84: Number of Male Requestor | C84: 0 | D84: 0 | E84: 0 | F84: 0 | G84: 0 | H84: 0 | I84: 0 | J84: 0 | K84: 4 | L84: 0 | M84: 0 | N84: 0 | O84: 0 | P84: 0 | Q84: 0 | R84: 0 | S84: 0 | T84: 0 | U84: 0 | V84: 0 | W84: 1 | X84: 0 | Y84: 0 | Z84: 4 | AA84: 1 | AB84: 0 | AC84: 0 | AD84: 0 | AE84: 0 | AF84: 0 | AG84: 0 | AH84: =SUM(C84:AG84) -> 0
B85: Number of Female Requestor | C85: 0 | D85: 0 | E85: 0 | F85: 0 | G85: 1 | H85: 0 | I85: 0 | J85: 0 | K85: 0 | L85: 0 | M85: 0 | N85: 0 | O85: 0 | P85: 0 | Q85: 0 | R85: 0 | S85: 0 | T85: 1 | U85: 0 | V85: 0 | W85: 3 | X85: 0 | Y85: 0 | Z85: 0 | AA85: 0 | AB85: 0 | AC85: 0 | AD85: 0 | AE85: 0 | AF85: 0 | AG85: 0 | AH85: =SUM(C85:AG85) -> 0
A87: Bachelor of Science in Education Major in Science
A88: FEBRUARY 2026 | C88: 1 | D88: 2 | E88: 3 | F88: 4 | G88: 5 | H88: 6 | I88: 7 | J88: 8 | K88: 9 | L88: 10 | M88: 11 | N88: 12 | O88: 13 | P88: 14 | Q88: 15 | R88: 16 | S88: 17 | T88: 18 | U88: 19 | V88: 20 | W88: 21 | X88: 22 | Y88: 23 | Z88: 24 | AA88: 25 | AB88: 26 | AC88: 27 | AD88: 28 | AE88: 29 | AF88: 30 | AG88: 31 | AH88: TOTAL
A89: Bachelor of Science in Education Major in Mathematics (COLLEGE OF TEACHING AND EDUCATION) | B89: Number of Male Requestor | C89: 0 | D89: 0 | E89: 0 | F89: 0 | G89: 0 | H89: 0 | I89: 0 | J89: 0 | K89: 0 | L89: 1 | M89: 0 | N89: 0 | O89: 0 | P89: 0 | Q89: 0 | R89: 0 | S89: 0 | T89: 1 | U89: 0 | V89: 0 | W89: 0 | X89: 0 | Y89: 0 | Z89: 1 | AA89: 0 | AB89: 0 | AC89: 0 | AD89: 0 | AE89: 0 | AF89: 0 | AG89: 0 | AH89: =SUM(C89:AG89) -> 0
B90: Number of Female Requestor | C90: 0 | D90: 0 | E90: 0 | F90: 0 | G90: 0 | H90: 0 | I90: 0 | J90: 0 | K90: 2 | L90: 0 | M90: 0 | N90: 3 | O90: 0 | P90: 0 | Q90: 0 | R90: 4 | S90: 0 | T90: 0 | U90: 0 | V90: 0 | W90: 0 | X90: 0 | Y90: 0 | Z90: 0 | AA90: 1 | AB90: 0 | AC90: 0 | AD90: 0 | AE90: 0 | AF90: 0 | AG90: 0 | AH90: =SUM(C90:AG90) -> 0
A92: Bachelor of Science in Education Major in English
A93: FEBRUARY 2026 | C93: 1 | D93: 2 | E93: 3 | F93: 4 | G93: 5 | H93: 6 | I93: 7 | J93: 8 | K93: 9 | L93: 10 | M93: 11 | N93: 12 | O93: 13 | P93: 14 | Q93: 15 | R93: 16 | S93: 17 | T93: 18 | U93: 19 | V93: 20 | W93: 21 | X93: 22 | Y93: 23 | Z93: 24 | AA93: 25 | AB93: 26 | AC93: 27 | AD93: 28 | AE93: 29 | AF93: 30 | AG93: 31 | AH93: TOTAL
A94: Bachelor of Science in Education Major in Mathematics (COLLEGE OF TEACHING AND EDUCATION) | B94: Number of Male Requestor | C94: 0 | D94: 0 | E94: 0 | F94: 0 | G94: 0 | H94: 0 | I94: 0 | J94: 0 | K94: 3 | L94: 0 | M94: 0 | N94: 0 | O94: 0 | P94: 2 | Q94: 0 | R94: 1 | S94: 0 | T94: 0 | U94: 2 | V94: 0 | W94: 0 | X94: 0 | Y94: 2 | Z94: 3 | AA94: 1 | AB94: 0 | AC94: 0 | AD94: 0 | AE94: 0 | AF94: 0 | AG94: 0 | AH94: =SUM(C94:AG94) -> 0
B95: Number of Female Requestor | C95: 0 | D95: 1 | E95: 0 | F95: 0 | G95: 0 | H95: 0 | I95: 0 | J95: 0 | K95: 8 | L95: 8 | M95: 0 | N95: 1 | O95: 0 | P95: 2 | Q95: 0 | R95: 0 | S95: 0 | T95: 0 | U95: 3 | V95: 0 | W95: 0 | X95: 0 | Y95: 0 | Z95: 2 | AA95: 3 | AB95: 0 | AC95: 1 | AD95: 0 | AE95: 0 | AF95: 0 | AG95: 0 | AH95: =SUM(C95:AG95) -> 0
A98: Faculty / Non-Teaching Personnel
A99: FEBRUARY 2026 | C99: 1 | D99: 2 | E99: 3 | F99: 4 | G99: 5 | H99: 6 | I99: 7 | J99: 8 | K99: 9 | L99: 10 | M99: 11 | N99: 12 | O99: 13 | P99: 14 | Q99: 15 | R99: 16 | S99: 17 | T99: 18 | U99: 19 | V99: 20 | W99: 21 | X99: 22 | Y99: 23 | Z99: 24 | AA99: 25 | AB99: 26 | AC99: 27 | AD99: 28 | AE99: 29 | AF99: 30 | AG99: 31 | AH99: TOTAL
A100: Faculty / Non-Teaching Personnel | B100: Number of Male Requestor | C100: 0 | D100: 0 | E100: 0 | F100: 0 | G100: 0 | H100: 0 | I100: 0 | J100: 0 | K100: 0 | L100: 0 | M100: 0 | N100: 0 | O100: 0 | P100: 0 | Q100: 0 | R100: 0 | S100: 0 | T100: 0 | U100: 0 | V100: 0 | W100: 0 | X100: 0 | Y100: 0 | Z100: 0 | AA100: 0 | AB100: 0 | AC100: 0 | AD100: 0 | AE100: 0 | AF100: 0 | AG100: 0 | AH100: =SUM(C100:AG100) -> 0
B101: Number of Female Requestor | C101: 0 | D101: 0 | E101: 0 | F101: 0 | G101: 0 | H101: 0 | I101: 0 | J101: 0 | K101: 0 | L101: 0 | M101: 0 | N101: 0 | O101: 0 | P101: 0 | Q101: 0 | R101: 0 | S101: 0 | T101: 0 | U101: 0 | V101: 0 | W101: 0 | X101: 0 | Y101: 0 | Z101: 0 | AA101: 0 | AB101: 0 | AC101: 0 | AD101: 0 | AE101: 0 | AF101: 0 | AG101: 0 | AH101: =SUM(C101:AG101) -> 0
A103: Outside Researchers
A104: FEBRUARY 2026 | C104: 1 | D104: 2 | E104: 3 | F104: 4 | G104: 5 | H104: 6 | I104: 7 | J104: 8 | K104: 9 | L104: 10 | M104: 11 | N104: 12 | O104: 13 | P104: 14 | Q104: 15 | R104: 16 | S104: 17 | T104: 18 | U104: 19 | V104: 20 | W104: 21 | X104: 22 | Y104: 23 | Z104: 24 | AA104: 25 | AB104: 26 | AC104: 27 | AD104: 28 | AE104: 29 | AF104: 30 | AG104: 31 | AH104: TOTAL
A105: Outside Researchers | B105: Number of Male Requestor | C105: 0 | D105: 0 | E105: 0 | F105: 0 | G105: 0 | H105: 0 | I105: 0 | J105: 0 | K105: 0 | L105: 0 | M105: 0 | N105: 0 | O105: 0 | P105: 0 | Q105: 0 | R105: 0 | S105: 0 | T105: 0 | U105: 0 | V105: 0 | W105: 0 | X105: 0 | Y105: 0 | Z105: 0 | AA105: 0 | AB105: 0 | AC105: 0 | AD105: 0 | AE105: 0 | AF105: 0 | AG105: 0 | AH105: =SUM(C105:AG105) -> 0
B106: Number of Female Requestor | C106: 0 | D106: 0 | E106: 0 | F106: 0 | G106: 0 | H106: 0 | I106: 0 | J106: 0 | K106: 0 | L106: 0 | M106: 0 | N106: 0 | O106: 0 | P106: 0 | Q106: 0 | R106: 0 | S106: 0 | T106: 0 | U106: 0 | V106: 0 | W106: 0 | X106: 0 | Y106: 0 | Z106: 0 | AA106: 0 | AB106: 0 | AC106: 0 | AD106: 0 | AE106: 0 | AF106: 0 | AG106: 0 | AH106: =SUM(C106:AG106) -> 0
A114: Prepared by: | J114: Reviewed by: | AB114: Certified Correct:
A117: DONALIN C. TRINIDAD, RL | J117: CARLO M. PASTRANA, RL, MLIS | AB117: ENGR. JONNAH R. MELO
A118: Administrative Aide VI Date: FEBRUARY 05, 2026 | J118: College Librarian I Date: FEBRUARY 05, 2026 | AB118: Head, Library Services Date: FEBRUARY 05, 2026

Sheet Detailed stat
A1: Republic of the Philippines
A2: BATANGAS STATE UNIVERSITY
A3: The National Engineering University
A4: Lipa Campus
A5: A Tanco Drive, Brgy. Marawoy Lipa City, Batangas, Philippines 4217
A6: Tel Nos.: (+63 43) 980-0385; 980-0387; 980-0392 to 94 loc. 3110
A7: E-mail Address: library.lipa@g.batstate-u.edu.ph | Website Address: http://www.library.batstate-u.edu.ph
A8: Office of the Library Services
A10: LIBRARY USERS FOR THE MONTH OF FEBRUARY 2026
A12: College/Department/Office | B12: 1 | C12: 2 | D12: 3 | E12: 4 | F12: 5 | G12: 6 | H12: 7 | I12: 8 | J12: 9 | K12: 10 | L12: 11 | M12: 12 | N12: 13 | O12: 14 | P12: 15 | Q12: 16 | R12: 17 | S12: 18 | T12: 19 | U12: 20 | V12: 21 | W12: 22 | X12: 23 | Y12: 24 | Z12: 25 | AA12: 26 | AB12: 27 | AC12: 28 | AD12: 29 | AE12: 30 | AF12: 31 | AG12: Subtotal | AI12: Dept | AJ12: Course | AM12: Male | AN12: Female | AO12: Total No. of User | AP12: Total per Dept.
A13: CET | B13: =SUM(February!C24,February!C25,February!C29,February!C30,February!C34,February!C35,February!C39,February!C40) -> 0 | C13: =SUM(February!D24,February!D25,February!D29,February!D30,February!D34,February!D35,February!D39,February!D40) -> 0 | D13: =SUM(February!E24,February!E25,February!E29,February!E30,February!E34,February!E35,February!E39,February!E40) -> 0 | E13: =SUM(February!F24,February!F25,February!F29,February!F30,February!F34,February!F35,February!F39,February!F40) -> 0 | F13: =SUM(February!G24,February!G25,February!G29,February!G30,February!G34,February!G35,February!G39,February!G40) -> 0 | G13: =SUM(February!H24,February!H25,February!H29,February!H30,February!H34,February!H35,February!H39,February!H40) -> 0 | H13: =SUM(February!I24,February!I25,February!I29,February!I30,February!I34,February!I35,February!I39,February!I40) -> 0 | I13: =SUM(February!J24,February!J25,February!J29,February!J30,February!J34,February!J35,February!J39,February!J40) -> 0 | ... AF13: =SUM(February!AG24,February!AG25,February!AG29,February!AG30,February!AG34,February!AG35,February!AG39,February!AG40) -> 0 | AG13: =SUM(B13:AF13) -> 0 | AI13: C A S | AJ13: BS PSY | AM13: =SUM(February!AH14) -> 0 | AN13: =SUM(February!AH15) -> 0 | AO13: =SUM(February!AH14,February!AH15) -> 0 | AP13: =SUM(AO13,AO14) -> 0
A14: CAS | B14: =SUM(February!C14,February!C15,February!C19,February!C20) -> 0 | C14: =SUM(February!D14,February!D15,February!D19,February!D20) -> 0 | D14: =SUM(February!E14,February!E15,February!E19,February!E20) -> 0 | E14: =SUM(February!F14,February!F15,February!F19,February!F20) -> 0 | F14: =SUM(February!G14,February!G15,February!G19,February!G20) -> 0 | G14: =SUM(February!H14,February!H15,February!H19,February!H20) -> 0 | H14: =SUM(February!I14,February!I15,February!I19,February!I20) -> 0 | I14: =SUM(February!J14,February!J15,February!J19,February!J20) -> 0 | ... AF14: =SUM(February!AG14,February!AG15,February!AG19,February!AG20) -> 0 | AG14: =SUM(B14:AF14) -> 0 | AJ14: BA COMM | AM14: =SUM(February!AH19) -> 0 | AN14: =SUM(February!AH20) -> 0 | AO14: =SUM(February!AH19,February!AH20) -> 0
A15: CICS | B15: =SUM(February!C44,February!C45,February!C49,February!C50,February!C54,February!C55) -> 0 | C15: =SUM(February!D44,February!D45,February!D49,February!D50,February!D54,February!D55) -> 0 | D15: =SUM(February!E44,February!E45,February!E49,February!E50,February!E54,February!E55) -> 0 | E15: =SUM(February!F44,February!F45,February!F49,February!F50,February!F54,February!F55) -> 0 | F15: =SUM(February!G44,February!G45,February!G49,February!G50,February!G54,February!G55) -> 0 | G15: =SUM(February!H44,February!H45,February!H49,February!H50,February!H54,February!H55) -> 0 | H15: =SUM(February!I44,February!I45,February!I49,February!I50,February!I54,February!I55) -> 0 | I15: =SUM(February!J44,February!J45,February!J49,February!J50,February!J54,February!J55) -> 0 | ... AF15: =SUM(February!AG44,February!AG45,February!AG49,February!AG50,February!AG54,February!AG55) -> 0 | AG15: =SUM(B15:AF15) -> 0 | AI15: C E T | AJ15: BIT ELT | AM15: =SUM(February!AH24) -> 0 | AN15: =SUM(February!AH25) -> 0 | AO15: =SUM(February!AH24,February!AH25) -> 0 | AP15: =SUM(AO15,AO16,AO17,AO18) -> 0
A16: CABE | B16: =SUM(February!C59,February!C60,February!C64,February!C65,February!C69,February!C70,February!C74,February!C75,February!C79,February!C80) -> 0 | C16: =SUM(February!D59,February!D60,February!D64,February!D65,February!D69,February!D70,February!D74,February!D75,February!D79,February!D80) -> 0 | D16: =SUM(February!E59,February!E60,February!E64,February!E65,February!E69,February!E70,February!E74,February!E75,February!E79,February!E80) -> 0 | E16: =SUM(February!F59,February!F60,February!F64,February!F65,February!F69,February!F70,February!F74,February!F75,February!F79,February!F80) -> 0 | F16: =SUM(February!G59,February!G60,February!G64,February!G65,February!G69,February!G70,February!G74,February!G75,February!G79,February!G80) -> 0 | G16: =SUM(February!H59,February!H60,February!H64,February!H65,February!H69,February!H70,February!H74,February!H75,February!H79,February!H80) -> 0 | H16: =SUM(February!I59,February!I60,February!I64,February!I65,February!I69,February!I70,February!I74,February!I75,February!I79,February!I80) -> 0 | I16: =SUM(February!J59,February!J60,February!J64,February!J65,February!J69,February!J70,February!J74,February!J75,February!J79,February!J80) -> 0 | ... AF16: =SUM(February!AG59,February!AG60,February!AG64,February!AG65,February!AG69,February!AG70,February!AG74,February!AG75,February!AG79,February!AG80) -> 0 | AG16: =SUM(B16:AF16) -> 0 | AJ16: BIT CPT | AM16: =SUM(February!AH29) -> 0 | AN16: =SUM(February!AH30) -> 0 | AO16: =SUM(February!AH29,February!AH30) -> 0
A17: CTE | B17: =SUM(February!C84,February!C85,February!C89,February!C90,February!C94,February!C95) -> 0 | C17: =SUM(February!D84,February!D85,February!D89,February!D90,February!D94,February!D95) -> 0 | D17: =SUM(February!E84,February!E85,February!E89,February!E90,February!E94,February!E95) -> 0 | E17: =SUM(February!F84,February!F85,February!F89,February!F90,February!F94,February!F95) -> 0 | F17: =SUM(February!G84,February!G85,February!G89,February!G90,February!G94,February!G95) -> 0 | G17: =SUM(February!H84,February!H85,February!H89,February!H90,February!H94,February!H95) -> 0 | H17: =SUM(February!I84,February!I85,February!I89,February!I90,February!I94,February!I95) -> 0 | I17: =SUM(February!J84,February!J85,February!J89,February!J90,February!J94,February!J95) -> 0 | ... AF17: =SUM(February!AG84,February!AG85,February!AG89,February!AG90,February!AG94,February!AG95) -> 0 | AG17: =SUM(B17:AF17) -> 0 | AJ17: BIT I&C | AM17: =SUM(February!AH34) -> 0 | AN17: =SUM(February!AH35) -> 0 | AO17: =SUM(February!AH34,February!AH35) -> 0
A18: FACULTY / NON-TEACHING PERSONNEL | B18: =SUM(February!C100,February!C101) -> 0 | C18: =SUM(February!D100,February!D101) -> 0 | D18: =SUM(February!E100,February!E101) -> 0 | E18: =SUM(February!F100,February!F101) -> 0 | F18: =SUM(February!G100,February!G101) -> 0 | G18: =SUM(February!H100,February!H101) -> 0 | H18: =SUM(February!I100,February!I101) -> 0 | I18: =SUM(February!J100,February!J101) -> 0 | ... AF18: =SUM(February!AG100,February!AG101) -> 0 | AG18: =SUM(B18:AF18) -> 0 | AJ18: BIT ELX | AM18: =SUM(February!AH39) -> 0 | AN18: =SUM(February!AH40) -> 0 | AO18: =SUM(February!AH39,February!AH40) -> 0
A19: OUTSIDE RESEARCHERS | B19: =SUM(February!C105,February!C106) -> 0 | C19: =SUM(February!D105,February!D106) -> 0 | D19: =SUM(February!E105,February!E106) -> 0 | E19: =SUM(February!F105,February!F106) -> 0 | F19: =SUM(February!G105,February!G106) -> 0 | G19: =SUM(February!H105,February!H106) -> 0 | H19: =SUM(February!I105,February!I106) -> 0 | I19: =SUM(February!J105,February!J106) -> 0 | ... AF19: =SUM(February!AG105,February!AG106) -> 0 | AG19: =SUM(B19:AF19) -> 0 | AI19: C I C S | AJ19: BSIT BA | AM19: =SUM(February!AH44) -> 0 | AN19: =SUM(February!AH45) -> 0 | AO19: =SUM(February!AH44,February!AH45) -> 0 | AP19: =SUM(AO19,AO20,AO21) -> 0
A20: OVERALL TOTAL: | B20: =SUM(B13:B19) -> 0 | C20: =SUM(C13:C19) -> 0 | D20: =SUM(D13:D19) -> 0 | E20: =SUM(E13:E19) -> 0 | F20: =SUM(F13:F19) -> 0 | G20: =SUM(G13:G19) -> 0 | H20: =SUM(H13:H19) -> 0 | I20: =SUM(I13:I19) -> 0 | ... AF20: =SUM(AF13:AF19) -> 0 | AG20: =SUM(B20:AF20) -> 0 | AJ20: BSIT SM | AM20: =SUM(February!AH49) -> 0 | AN20: =SUM(February!AH50) -> 0 | AO20: =SUM(February!AH49,February!AH50) -> 0
AJ21: BSIT NT | AM21: =SUM(February!AH54) -> 0 | AN21: =SUM(February!AH55) -> 0 | AO21: =SUM(February!AH54,February!AH55) -> 0
A22: Prepared by: | AI22: C A B E | AJ22: BSBA HRM | AM22: =SUM(February!AH59) -> 0 | AN22: =SUM(February!AH60) -> 0 | AO22: =SUM(February!AH59,February!AH60) -> 0 | AP22: =SUM(AO22,AO23,AO24,AO25,AO26) -> 0
AJ23: BSBA OM | AM23: =SUM(February!AH64) -> 0 | AN23: =SUM(February!AH65) -> 0 | AO23: =SUM(February!AH64,February!AH65) -> 0
A24: DONALIN C. TRINIDAD, RL | AJ24: BSBA MM | AM24: =SUM(February!AH69) -> 0 | AN24: =SUM(February!AH70) -> 0 | AO24: =SUM(February!AH69,February!AH70) -> 0
A25: Administrative Aide VI Date: | AJ25: BS MA | AM25: =SUM(February!AH74) -> 0 | AN25: =SUM(February!AH75) -> 0 | AO25: =SUM(February!AH74,February!AH75) -> 0
AJ26: BS PA | AM26: =SUM(February!AH79) -> 0 | AN26: =SUM(February!AH80) -> 0 | AO26: =SUM(February!AH79,February!AH80) -> 0
A27: Reviewed by: | AI27: C T E | AJ27: BSED Mathematics | AM27: =SUM(February!AH84) -> 0 | AN27: =SUM(February!AH85) -> 0 | AO27: =SUM(February!AH84,February!AH85) -> 0 | AP27: =SUM(AO27,AO28,AO29) -> 0
AJ28: BSED Science | AM28: =SUM(February!AH89) -> 0 | AN28: =SUM(February!AH90) -> 0 | AO28: =SUM(February!AH89,February!AH90) -> 0
A29: CARLO M. PASTRANA, RL, MLIS | AJ29: BSED English | AM29: =SUM(February!AH94) -> 0 | AN29: =SUM(February!AH95) -> 0 | AO29: =SUM(February!AH94,February!AH95) -> 0
A30: College Librarian I Date: | AI30: O T H E R S | AJ30: Faculty / Non-Teaching Personnel | AM30: =SUM(February!AH100) -> 0 | AN30: =SUM(February!AH101) -> 0 | AO30: =SUM(February!AH100,February!AH101) -> 0 | AP30: =SUM(AO30,AO31) -> 0
AJ31: Outside Researchers | AM31: =SUM(February!AH105) -> 0 | AN31: =SUM(February!AH106) -> 0 | AO31: =SUM(February!AH105,February!AH106) -> 0
A32: Certified Correct: | AJ32: TOTAL | AM32: =SUM(AM13:AM31) -> 0 | AN32: =SUM(AN13:AN31) -> 0 | AO32: =SUM(AO13:AO31) -> 0
A34: ENGR. JONNAH R. MELO | AI34: SUMMARY
A35: Head, Library Services Date: | AI35: Number of Male Requestor | AM35: =SUM(February!AH14,February!AH19,February!AH24,February!AH29,February!AH34,February!AH39,February!AH44,February!AH49,February!AH54,February!AH59,February!AH64,February!AH69,February!AH74,February!AH79,February!AH84,February!AH89,February!AH94,February!AH100,February!AH105) -> 0 | AN35: =SUM(AM35,AM36) -> 0
AI36: Number of Female Requestor | AM36: =SUM(February!AH15,February!AH20,February!AH25,February!AH30,February!AH35,February!AH40,February!AH45,February!AH50,February!AH55,February!AH60,February!AH65,February!AH70,February!AH75,February!AH80,February!AH85,February!AH90,February!AH95,February!AH101,February!AH106) -> 0
